ID,lat,lon,ele,time,magvar,geoidheight,name,cmt,desc,src,sym,type,fix,sat,hdop,vdop,pdop,ageofdgpsdata,dgpsid,Proximity,Temperature,Depth,DisplayMode,Samples,Expiration,CreationTime
1,42.46743604,-72.21225299,245.8246,2017-08-29T14:12:32Z,,,SEED ACEPEN H01,,,,"Flag, Blue",user,,,,,,,,,,,SymbolAndName,,,2017-08-29T14:12:32Z
2,42.46767601,-72.21238601,262.140594,2017-08-29T16:42:52Z,,,SEED ACEPEN H02,,,,"Flag, Blue",user,,,,,,,,,,,SymbolAndName,,,2017-08-29T16:42:52Z
3,42.46764097,-72.21247796,261.901031,2017-08-29T16:45:12Z,,,SEED ACEPEN H03,,,,"Flag, Blue",user,,,,,,,,,,,SymbolAndName,,,2017-08-29T16:45:12Z
4,42.46702298,-72.21256597,256.420929,2017-09-21T13:52:39Z,,,SEED ACEPEN H07,,,,"Flag, Blue",user,,,,,,,,,,,SymbolAndName,,,2017-09-21T13:52:39Z
5,42.46846198,-72.21320903,263.84256,2017-09-21T15:35:41Z,,,SEED ACEPEN H08,,,,"Flag, Blue",user,,,,,,,,,,,SymbolAndName,,,2017-09-21T15:35:41Z
6,42.46707503,-72.213146,253.809265,2017-10-05T17:47:59Z,,,SEED ACEPEN H09,,,,"Flag, Blue",user,,,,,,,,,,,SymbolAndName,,,2017-10-05T17:47:59Z
7,42.46703002,-72.21299998,254.278961,2017-10-05T17:50:39Z,,,SEED ACEPEN H10,,,,"Flag, Blue",user,,,,,,,,,,,SymbolAndName,,,2017-10-05T17:50:39Z
8,42.46621203,-72.21388201,252.842316,2017-10-10T18:47:08Z,,,SEED ACEPEN H12,,,,"Flag, Blue",user,,,,,,,,,,,SymbolAndName,,,2017-10-10T18:47:08Z
9,42.46707796,-72.21239498,246.258194,2017-10-15T14:17:42Z,,,SEED ACEPEN H13,,,,"Flag, Blue",user,,,,,,,,,,,SymbolAndName,,,2017-10-15T14:17:42Z
10,42.46703597,-72.21220898,248.745804,2017-10-15T14:20:50Z,,,SEED ACEPEN H14,,,,"Flag, Blue",user,,,,,,,,,,,SymbolAndName,,,2017-10-15T14:20:50Z
11,42.46710998,-72.21197697,251.365906,2017-10-15T14:22:33Z,,,SEED ACEPEN H15,,,,"Flag, Blue",user,,,,,,,,,,,SymbolAndName,,,2017-10-15T14:22:33Z
12,42.46707402,-72.21190296,251.950012,2017-10-15T14:23:42Z,,,SEED ACEPEN H16,,,,"Flag, Blue",user,,,,,,,,,,,SymbolAndName,,,2017-10-15T14:23:42Z
13,42.46722397,-72.21189701,253.171677,2017-10-15T14:28:00Z,,,SEED ACEPEN H17,,,,"Flag, Blue",user,,,,,,,,,,,SymbolAndName,,,2017-10-15T14:28:00Z
14,42.46729497,-72.21198603,253.190796,2017-10-15T14:29:11Z,,,SEED ACEPEN H18,,,,"Flag, Blue",user,,,,,,,,,,,SymbolAndName,,,2017-10-15T14:29:11Z
15,42.467257,-72.21206297,253.336548,2017-10-15T14:30:25Z,,,SEED ACEPEN H19,,,,"Flag, Blue",user,,,,,,,,,,,SymbolAndName,,,2017-10-15T14:30:25Z
16,42.46732196,-72.21211703,254.18486,2017-10-15T14:31:42Z,,,SEED ACEPEN H20,,,,"Flag, Blue",user,,,,,,,,,,,SymbolAndName,,,2017-10-15T14:31:42Z
17,42.46729497,-72.21211997,253.972855,2017-10-15T14:32:42Z,,,SEED ACEPEN H21,,,,"Flag, Blue",user,,,,,,,,,,,SymbolAndName,,,2017-10-15T14:32:42Z
18,42.46723403,-72.21209197,254.038513,2017-10-15T14:33:11Z,,,SEED ACEPEN H22,,,,"Flag, Blue",user,,,,,,,,,,,SymbolAndName,,,2017-10-15T14:33:11Z
19,42.46729497,-72.21214,253.623566,2017-10-15T14:34:26Z,,,SEED ACEPEN H23,,,,"Flag, Blue",user,,,,,,,,,,,SymbolAndName,,,2017-10-15T14:34:26Z
20,42.46735699,-72.21219599,253.628647,2017-10-15T14:34:59Z,,,SEED ACEPEN H24,,,,"Flag, Blue",user,,,,,,,,,,,SymbolAndName,,,2017-10-15T14:34:59Z
21,42.49807198,-72.20687801,245.707153,2017-08-03T16:30:02Z,,,SEED ACERUB 01,,,,"Flag, Blue",user,,,,,,,,,,,SymbolAndName,,,2017-08-03T16:30:02Z
22,42.46731802,-72.21248701,232.203369,2017-08-29T13:54:54Z,,,SEED ACERUB H01,,,,"Flag, Blue",user,,,,,,,,,,,SymbolAndName,,,2017-08-29T13:54:54Z
23,42.49816703,-72.20678698,245.617981,2017-08-03T16:31:36Z,,,SEED ACERUB H02,,,,"Flag, Blue",user,,,,,,,,,,,SymbolAndName,,,2017-08-03T16:31:36Z
24,42.46694704,-72.21241702,230.97464,2017-08-29T13:52:46Z,,,SEED ACESAC H01,,,,"Flag, Blue",user,,,,,,,,,,,SymbolAndName,,,2017-08-29T13:52:46Z
25,42.46805202,-72.21246002,251.233109,2017-08-29T14:29:06Z,,,SEED ACESAC H02,,,,"Flag, Blue",user,,,,,,,,,,,SymbolAndName,,,2017-08-29T14:29:06Z
26,42.46649802,-72.21236698,253.35881,2017-09-21T13:03:44Z,,,SEED ACESAC H03,,,,"Flag, Blue",user,,,,,,,,,,,SymbolAndName,,,2017-09-21T13:03:44Z
27,42.46651897,-72.21226104,254.782791,2017-08-29T17:06:05Z,,,SEED ACESAC H04,,,,"Flag, Blue",user,,,,,,,,,,,SymbolAndName,,,2017-08-29T17:06:05Z
28,42.46711702,-72.212629,254.172089,2017-09-21T13:36:34Z,,,SEED ACESAC H05,,,,"Flag, Blue",user,,,,,,,,,,,SymbolAndName,,,2017-09-21T13:36:34Z
29,42.46692197,-72.21279798,254.979401,2017-09-21T13:42:49Z,,,SEED ACESAC H06,,,,"Flag, Blue",user,,,,,,,,,,,SymbolAndName,,,2017-09-21T13:42:49Z
30,42.46778799,-72.21269899,154.710724,2017-10-05T12:19:02Z,,,SEED ACESAC H07,,,,"Flag, Blue",user,,,,,,,,,,,SymbolAndName,,,2017-10-05T12:19:02Z
31,42.46778799,-72.21269899,154.666885,2017-10-05T12:20:39Z,,,SEED ACESAC H08,,,,"Flag, Blue",user,,,,,,,,,,,SymbolAndName,,,2017-10-05T12:20:39Z
32,42.46596602,-72.21239297,208.189453,2017-10-05T12:22:09Z,,,SEED ACESAC H09,,,,"Flag, Blue",user,,,,,,,,,,,SymbolAndName,,,2017-10-05T12:22:09Z
33,42.46608404,-72.21238299,236.555191,2017-10-05T12:24:23Z,,,SEED ACESAC H10,,,,"Flag, Blue",user,,,,,,,,,,,SymbolAndName,,,2017-10-05T12:24:23Z
34,42.46609703,-72.21254703,246.290176,2017-10-05T12:44:00Z,,,SEED ACESAC H11,,,,"Flag, Blue",user,,,,,,,,,,,SymbolAndName,,,2017-10-05T12:44:00Z
35,42.46613198,-72.21247,251.817169,2017-10-05T12:52:25Z,,,SEED ACESAC H12,,,,"Flag, Blue",user,,,,,,,,,,,SymbolAndName,,,2017-10-05T12:52:25Z
36,42.466034,-72.212701,252.666489,2017-10-05T12:57:42Z,,,SEED ACESAC H13,,,,"Flag, Blue",user,,,,,,,,,,,SymbolAndName,,,2017-10-05T12:57:42Z
37,42.46599502,-72.21263504,252.41954,2017-10-05T12:59:33Z,,,SEED ACESAC H14,,,,"Flag, Blue",user,,,,,,,,,,,SymbolAndName,,,2017-10-05T12:59:33Z
38,42.46595697,-72.21246698,252.076508,2017-10-05T13:03:03Z,,,SEED ACESAC H15,,,,"Flag, Blue",user,,,,,,,,,,,SymbolAndName,,,2017-10-05T13:03:03Z
39,42.46604296,-72.21253001,251.535629,2017-10-05T13:08:50Z,,,SEED ACESAC H16,,,,"Flag, Blue",user,,,,,,,,,,,SymbolAndName,,,2017-10-05T13:08:50Z
40,42.46633398,-72.21197102,247.117737,2017-10-05T16:11:04Z,,,SEED ACESAC H17,,,,"Flag, Blue",user,,,,,,,,,,,SymbolAndName,,,2017-10-05T16:11:04Z
41,42.46624497,-72.21246203,253.05896,2017-10-05T16:39:47Z,,,SEED ACESAC H18,,,,"Flag, Blue",user,,,,,,,,,,,SymbolAndName,,,2017-10-05T16:39:47Z
42,42.46636198,-72.21247603,253.288284,2017-10-05T16:41:21Z,,,SEED ACESAC H19,,,,"Flag, Blue",user,,,,,,,,,,,SymbolAndName,,,2017-10-05T16:41:21Z
43,42.46653498,-72.21270704,254.260605,2017-10-05T16:47:33Z,,,SEED ACESAC H20,,,,"Flag, Blue",user,,,,,,,,,,,SymbolAndName,,,2017-10-05T16:47:33Z
44,42.46656298,-72.212729,253.218445,2017-10-05T17:08:21Z,,,SEED ACESAC H21,,,,"Flag, Blue",user,,,,,,,,,,,SymbolAndName,,,2017-10-05T17:08:21Z
45,42.46669499,-72.21283402,251.911957,2017-10-05T17:32:15Z,,,SEED ACESAC H22,,,,"Flag, Blue",user,,,,,,,,,,,SymbolAndName,,,2017-10-05T17:32:15Z
46,42.46697897,-72.21287099,253.524017,2017-10-05T17:55:16Z,,,SEED ACESAC H23,,,,"Flag, Blue",user,,,,,,,,,,,SymbolAndName,,,2017-10-05T17:55:16Z
47,42.46675501,-72.21290996,254.639984,2017-10-05T18:03:31Z,,,SEED ACESAC H24,,,,"Flag, Blue",user,,,,,,,,,,,SymbolAndName,,,2017-10-05T18:03:31Z
48,42.46715901,-72.21248299,235.303223,2017-08-29T14:00:07Z,,,SEED BETLEN H01,,,,"Flag, Blue",user,,,,,,,,,,,SymbolAndName,,,2017-08-29T14:00:07Z
49,42.468926,-72.21249204,264.834595,2017-08-29T15:52:38Z,,,SEED BETLEN H02,,,,"Flag, Blue",user,,,,,,,,,,,SymbolAndName,,,2017-08-29T15:52:38Z
50,42.46782001,-72.21232398,262.432861,2017-08-29T16:41:03Z,,,SEED BETLEN H03,,,,"Flag, Blue",user,,,,,,,,,,,SymbolAndName,,,2017-08-29T16:41:03Z
51,42.46733897,-72.21239196,262.915131,2017-09-21T14:18:05Z,,,SEED BETLEN H05,,,,"Flag, Blue",user,,,,,,,,,,,SymbolAndName,,,2017-09-21T14:18:05Z
52,42.46831496,-72.21303301,270.151764,2017-09-21T15:06:31Z,,,SEED BETLEN H06,,,,"Flag, Blue",user,,,,,,,,,,,SymbolAndName,,,2017-09-21T15:06:31Z
53,42.46631596,-72.21188201,248.047958,2017-10-05T16:18:53Z,,,SEED BETLEN H07,,,,"Flag, Blue",user,,,,,,,,,,,SymbolAndName,,,2017-10-05T16:18:53Z
54,42.46699699,-72.21315899,253.965591,2017-10-05T17:57:13Z,,,SEED BETLEN H08,,,,"Flag, Blue",user,,,,,,,,,,,SymbolAndName,,,2017-10-05T17:57:13Z
55,42.46622401,-72.21347096,255.775238,2017-10-10T18:34:31Z,,,SEED BETLEN H09,SEED BETLEN H09,SEED BETLEN H09,,"Flag, Blue",user,,,,,,,,,,,SymbolAndName,,,2017-10-10T18:34:31Z
56,42.46632803,-72.21363902,255.692139,2017-10-10T18:41:20Z,,,SEED BETLEN H10,,,,"Flag, Blue",user,,,,,,,,,,,SymbolAndName,,,2017-10-10T18:41:20Z
57,42.46599996,-72.21375402,251.124084,2017-10-10T18:57:36Z,,,SEED BETLEN H11,,,,"Flag, Blue",user,,,,,,,,,,,SymbolAndName,,,2017-10-10T18:57:36Z
58,42.46627497,-72.21380004,247.716339,2017-10-10T19:08:48Z,,,SEED BETLEN H12,,,,"Flag, Blue",user,,,,,,,,,,,SymbolAndName,,,2017-10-10T19:08:48Z
59,42.46628503,-72.21366199,248.04834,2017-10-10T19:11:31Z,,,SEED BETLEN H13,,,,"Flag, Blue",user,,,,,,,,,,,SymbolAndName,,,2017-10-10T19:11:31Z
60,42.46645602,-72.21394203,247.41832,2017-10-10T19:15:36Z,,,SEED BETLEN H14,,,,"Flag, Blue",user,,,,,,,,,,,SymbolAndName,,,2017-10-10T19:15:36Z
61,42.466336,-72.21393096,247.977692,2017-10-10T19:23:18Z,,,SEED BETLEN H15,,,,"Flag, Blue",user,,,,,,,,,,,SymbolAndName,,,2017-10-10T19:23:18Z
62,42.46631797,-72.21386801,247.44043,2017-10-10T19:25:15Z,,,SEED BETLEN H16,,,,"Flag, Blue",user,,,,,,,,,,,SymbolAndName,,,2017-10-10T19:25:15Z
63,42.46634999,-72.21395301,247.352005,2017-10-10T19:25:45Z,,,SEED BETLEN H17,,,,"Flag, Blue",user,,,,,,,,,,,SymbolAndName,,,2017-10-10T19:25:45Z
64,42.46641504,-72.21401604,245.989761,2017-10-10T19:29:00Z,,,SEED BETLEN H18,,,,"Flag, Blue",user,,,,,,,,,,,SymbolAndName,,,2017-10-10T19:29:00Z
65,42.46673799,-72.21354598,246.79921,2017-10-10T19:39:37Z,,,SEED BETLEN H19,,,,"Flag, Blue",user,,,,,,,,,,,SymbolAndName,,,2017-10-10T19:39:37Z
66,42.46668804,-72.21333501,247.711105,2017-10-10T19:45:20Z,,,SEED BETLEN H20,,,,"Flag, Blue",user,,,,,,,,,,,SymbolAndName,,,2017-10-10T19:45:20Z
67,42.46735901,-72.21295003,251.747116,2017-10-15T14:40:11Z,,,SEED BETLEN H21,,,,"Flag, Blue",user,,,,,,,,,,,SymbolAndName,,,2017-10-15T14:40:11Z
68,42.46742296,-72.21312404,254.902985,2017-10-15T14:48:45Z,,,SEED BETLEN H22,,,,"Flag, Blue",user,,,,,,,,,,,SymbolAndName,,,2017-10-15T14:48:45Z
69,42.46739396,-72.21335496,256.375488,2017-10-15T14:53:38Z,,,SEED BETLEN H23,,,,"Flag, Blue",user,,,,,,,,,,,SymbolAndName,,,2017-10-15T14:53:38Z
70,42.46772203,-72.21355403,258.292267,2017-10-15T14:59:11Z,,,SEED BETLEN H24,,,,"Flag, Blue",user,,,,,,,,,,,SymbolAndName,,,2017-10-15T14:59:11Z
71,42.49804096,-72.20751403,243.175537,2017-08-03T16:14:48Z,,,SEED BETPAP H,,,,"Flag, Blue",user,,,,,,,,,,,SymbolAndName,,,2017-08-03T16:14:48Z
72,42.46772001,-72.212327,264.501526,2017-09-21T14:21:18Z,,,SEED CORCOR H05,,,,"Flag, Blue",user,,,,,,,,,,,SymbolAndName,,,2017-09-21T14:21:18Z
73,42.46696799,-72.21264702,256.048218,2017-09-21T14:02:17Z,,,SEED CORCOR H06,,,,"Flag, Blue",user,,,,,,,,,,,SymbolAndName,,,2017-09-21T14:02:17Z
74,42.46852803,-72.21293301,263.833405,2017-09-21T15:37:35Z,,,SEED CORCOR H09,,,,"Flag, Blue",user,,,,,,,,,,,SymbolAndName,,,2017-09-21T15:37:35Z
75,42.46647203,-72.21280804,250.88739,2017-10-05T16:58:59Z,,,SEED CORCOR H10,,,,"Flag, Blue",user,,,,,,,,,,,SymbolAndName,,,2017-10-05T16:58:59Z
76,42.46678099,-72.21276898,251.214539,2017-10-05T17:29:59Z,,,SEED CORCOR H11,,,,"Flag, Blue",user,,,,,,,,,,,SymbolAndName,,,2017-10-05T17:29:59Z
77,42.46687998,-72.21282598,254.755722,2017-10-05T17:37:34Z,,,SEED CORCOR H12,,,,"Flag, Blue",user,,,,,,,,,,,SymbolAndName,,,2017-10-05T17:37:34Z
78,42.46689004,-72.21306503,254.786865,2017-10-05T17:39:21Z,,,SEED CORCOR H13,,,,"Flag, Blue",user,,,,,,,,,,,SymbolAndName,,,2017-10-05T17:39:21Z
79,42.46659198,-72.21339804,243.862228,2017-10-10T16:39:12Z,,,SEED CORCOR H14,SEED CORCOR H14,SEED CORCOR H14,,"Flag, Blue",user,,,,,,,,,,,SymbolAndName,,,2017-10-10T16:39:12Z
80,42.46656298,-72.21344196,244.404846,2017-10-10T16:41:19Z,,,SEED CORCOR H15,SEED CORCOR H15,SEED CORCOR H15,,"Flag, Blue",user,,,,,,,,,,,SymbolAndName,,,2017-10-10T16:41:19Z
81,42.46635896,-72.21335001,243.7155,2017-10-10T16:44:11Z,,,SEED CORCOR H16,SEED CORCOR H16,SEED CORCOR H16,,"Flag, Blue",user,,,,,,,,,,,SymbolAndName,,,2017-10-10T16:44:11Z
82,42.46556402,-72.21306201,243.807907,2017-10-10T17:10:22Z,,,SEED CORCOR H17,SEED CORCOR H17,SEED CORCOR H17,,"Flag, Blue",user,,,,,,,,,,,SymbolAndName,,,2017-10-10T17:10:22Z
83,42.46552203,-72.21312999,244.329391,2017-10-10T17:13:15Z,,,SEED CORCOR H18,SEED CORCOR H18,SEED CORCOR H18,,"Flag, Blue",user,,,,,,,,,,,SymbolAndName,,,2017-10-10T17:13:15Z
84,42.46554701,-72.21306897,245.427002,2017-10-10T17:14:39Z,,,SEED CORCOR H19,SEED CORCOR H19,SEED CORCOR H19,,"Flag, Blue",user,,,,,,,,,,,SymbolAndName,,,2017-10-10T17:14:39Z
85,42.46558397,-72.21318296,245.481873,2017-10-10T17:16:05Z,,,SEED CORCOR H20,SEED CORCOR H20,SEED CORCOR H20,,"Flag, Blue",user,,,,,,,,,,,SymbolAndName,,,2017-10-10T17:16:05Z
86,42.46560803,-72.21313703,245.671249,2017-10-10T17:17:40Z,,,SEED CORCOR H21,SEED CORCOR H21,SEED CORCOR H21,,"Flag, Blue",user,,,,,,,,,,,SymbolAndName,,,2017-10-10T17:17:40Z
87,42.465747,-72.213204,245.442795,2017-10-10T17:18:39Z,,,SEED CORCOR H22,SEED CORCOR H22,SEED CORCOR H22,,"Flag, Blue",user,,,,,,,,,,,SymbolAndName,,,2017-10-10T17:18:39Z
88,42.465589,-72.21311197,245.024475,2017-10-10T17:22:28Z,,,SEED CORCOR H23,SEED CORCOR H23,SEED CORCOR H23,,"Flag, Blue",user,,,,,,,,,,,SymbolAndName,,,2017-10-10T17:22:28Z
89,42.46549403,-72.21293402,245.4207,2017-10-10T17:23:34Z,,,SEED CORCOR H24,SEED CORCOR H24,SEED CORCOR H24,,"Flag, Blue",user,,,,,,,,,,,SymbolAndName,,,2017-10-10T17:23:34Z
90,42.46628202,-72.21207202,246.652084,2017-10-05T16:08:28Z,,,SEED COROVA H01,,,,"Flag, Blue",user,,,,,,,,,,,SymbolAndName,,,2017-10-05T16:08:28Z
91,42.46612603,-72.21177103,249.339279,2017-10-05T16:24:04Z,,,SEED COROVA H02,,,,"Flag, Blue",user,,,,,,,,,,,SymbolAndName,,,2017-10-05T16:24:04Z
92,42.46634304,-72.21275599,253.6707,2017-10-05T16:42:55Z,,,SEED COROVA H03,,,,"Flag, Blue",user,,,,,,,,,,,SymbolAndName,,,2017-10-05T16:42:55Z
93,42.46652501,-72.21265004,253.341461,2017-10-05T16:44:28Z,,,SEED COROVA H04,,,,"Flag, Blue",user,,,,,,,,,,,SymbolAndName,,,2017-10-05T16:44:28Z
94,42.46647597,-72.21289404,253.459076,2017-10-05T16:53:38Z,,,SEED COROVA H05,,,,"Flag, Blue",user,,,,,,,,,,,SymbolAndName,,,2017-10-05T16:53:38Z
95,42.46653398,-72.21271802,253.066849,2017-10-05T17:07:16Z,,,SEED COROVA H06,,,,"Flag, Blue",user,,,,,,,,,,,SymbolAndName,,,2017-10-05T17:07:16Z
96,42.46656801,-72.21273897,253.150726,2017-10-05T17:07:52Z,,,SEED COROVA H07,,,,"Flag, Blue",user,,,,,,,,,,,SymbolAndName,,,2017-10-05T17:07:52Z
97,42.465589,-72.21305204,244.514923,2017-10-10T17:24:38Z,,,SEED COROVA H08,SEED CAROVA H08,SEED CAROVA H08,,"Flag, Blue",user,,,,,,,,,,,SymbolAndName,,,2017-10-10T17:24:38Z
98,42.46583601,-72.21303896,251.608978,2017-10-10T17:48:18Z,,,SEED COROVA H09,SEED CAROVA H09,SEED CAROVA H09,,"Flag, Blue",user,,,,,,,,,,,SymbolAndName,,,2017-10-10T17:48:18Z
99,42.46571297,-72.21318296,252.023468,2017-10-10T17:49:39Z,,,SEED COROVA H10,SEED CAROVA H10,SEED CAROVA H10,,"Flag, Blue",user,,,,,,,,,,,SymbolAndName,,,2017-10-10T17:49:39Z
100,42.465718,-72.21322001,254.753784,2017-10-10T17:51:53Z,,,SEED COROVA H11,SEED CAROVA H11,SEED CAROVA H11,,"Flag, Blue",user,,,,,,,,,,,SymbolAndName,,,2017-10-10T17:51:53Z
101,42.46570802,-72.21304701,256.226501,2017-10-10T17:52:47Z,,,SEED COROVA H12,SEED CAROVA H12,SEED CAROVA H12,,"Flag, Blue",user,,,,,,,,,,,SymbolAndName,,,2017-10-10T17:52:47Z
102,42.46584498,-72.21321699,254.493301,2017-10-10T18:04:55Z,,,SEED COROVA H13,SEED CAROVA H13,SEED CAROVA H13,,"Flag, Blue",user,,,,,,,,,,,SymbolAndName,,,2017-10-10T18:04:55Z
103,42.46619903,-72.21326603,255.53125,2017-10-10T18:13:15Z,,,SEED COROVA H14,,,,"Flag, Blue",user,,,,,,,,,,,SymbolAndName,,,2017-10-10T18:13:15Z
104,42.46610097,-72.21333803,257.477295,2017-10-10T18:15:16Z,,,SEED COROVA H15,,,,"Flag, Blue",user,,,,,,,,,,,SymbolAndName,,,2017-10-10T18:15:16Z
105,42.46610298,-72.21329603,258.242798,2017-10-10T18:17:27Z,,,SEED COROVA H16,SEED CAROVA H16,SEED CAROVA H16,,"Flag, Blue",user,,,,,,,,,,,SymbolAndName,,,2017-10-10T18:17:27Z
106,42.46608202,-72.21314901,258.38089,2017-10-10T18:18:13Z,,,SEED COROVA H17,SEED CAROVA H17,SEED CAROVA H17,,"Flag, Blue",user,,,,,,,,,,,SymbolAndName,,,2017-10-10T18:18:13Z
107,42.46601799,-72.213377,258.414185,2017-10-10T18:19:24Z,,,SEED COROVA H18,SEED CAROVA H18,SEED CAROVA H18,,"Flag, Blue",user,,,,,,,,,,,SymbolAndName,,,2017-10-10T18:19:24Z
108,42.46615604,-72.21338698,258.220551,2017-10-10T18:20:22Z,,,SEED COROVA H19,SEED CAROVA H19,SEED CAROVA H19,,"Flag, Blue",user,,,,,,,,,,,SymbolAndName,,,2017-10-10T18:20:22Z
109,42.46618596,-72.21351799,257.71875,2017-10-10T18:21:31Z,,,SEED COROVA H20,SEED CAROVA H20,SEED CAROVA H20,,"Flag, Blue",user,,,,,,,,,,,SymbolAndName,,,2017-10-10T18:21:31Z
110,42.46617699,-72.21385201,251.985931,2017-10-10T18:51:50Z,,,SEED COROVA H22,,,,"Flag, Blue",user,,,,,,,,,,,SymbolAndName,,,2017-10-10T18:51:50Z
111,42.466352,-72.213708,247.954483,2017-10-10T19:12:18Z,,,SEED COROVA H23,,,,"Flag, Blue",user,,,,,,,,,,,SymbolAndName,,,2017-10-10T19:12:18Z
112,42.46636298,-72.21388101,247.902786,2017-10-10T19:21:09Z,,,SEED COROVA H24,,,,"Flag, Blue",user,,,,,,,,,,,SymbolAndName,,,2017-10-10T19:21:09Z
113,42.46849299,-72.212701,257.501343,2017-08-29T14:53:41Z,,,SEED FAGGRA H01,,,,"Flag, Blue",user,,,,,,,,,,,SymbolAndName,,,2017-08-29T14:53:41Z
114,42.46852904,-72.212571,261.220856,2017-08-29T16:25:08Z,,,SEED FAGGRA H02,,,,"Flag, Blue",user,,,,,,,,,,,SymbolAndName,,,2017-08-29T16:25:08Z
115,42.47399697,-72.21430697,260.367554,2017-09-22T20:42:58Z,,,SEED FAGGRA H04,,,,"Flag, Blue",user,,,,,,,,,,,SymbolAndName,,,2017-09-22T20:42:58Z
116,42.46653096,-72.21231502,177.151428,2017-10-10T16:25:13Z,,,SEED FAGGRA H05,SEED FAGGRA H05,SEED FAGGRA H05,,"Flag, Blue",user,,,,,,,,,,,SymbolAndName,,,2017-10-10T16:25:13Z
117,42.466006,-72.21330601,255.937042,2017-10-10T18:07:58Z,,,SEED FAGGRA H06,SEED FAGGRA H06,SEED FAGGRA H06,,"Flag, Blue",user,,,,,,,,,,,SymbolAndName,,,2017-10-10T18:07:58Z
118,42.46715298,-72.21476697,248.948593,2017-10-15T15:17:24Z,,,SEED FAGGRA H07,,,,"Flag, Blue",user,,,,,,,,,,,SymbolAndName,,,2017-10-15T15:17:24Z
119,42.46711903,-72.21476597,250.324326,2017-10-15T15:18:18Z,,,SEED FAGGRA H08,,,,"Flag, Blue",user,,,,,,,,,,,SymbolAndName,,,2017-10-15T15:18:18Z
120,42.46706103,-72.21476597,250.228531,2017-10-15T15:19:29Z,,,SEED FAGGRA H09,,,,"Flag, Blue",user,,,,,,,,,,,SymbolAndName,,,2017-10-15T15:19:29Z
121,42.46706598,-72.21478902,252.255814,2017-10-15T15:26:35Z,,,SEED FAGGRA H10,,,,"Flag, Blue",user,,,,,,,,,,,SymbolAndName,,,2017-10-15T15:26:35Z
122,42.46710001,-72.21469598,252.329269,2017-10-15T15:30:52Z,,,SEED FAGGRA H11,,,,"Flag, Blue",user,,,,,,,,,,,SymbolAndName,,,2017-10-15T15:30:52Z
123,42.46591103,-72.212815,251.438583,2017-10-15T16:01:18Z,,,SEED FAGGRA H12,,,,"Flag, Blue",user,,,,,,,,,,,SymbolAndName,,,2017-10-15T16:01:18Z
124,42.46783501,-72.21246002,267.413086,2017-09-21T14:33:20Z,,,SEED FRAAME H01,,,,"Flag, Blue",user,,,,,,,,,,,SymbolAndName,,,2017-09-21T14:33:20Z
125,42.46770199,-72.212672,267.600769,2017-09-21T14:33:52Z,,,SEED FRAAME H02,,,,"Flag, Blue",user,,,,,,,,,,,SymbolAndName,,,2017-09-21T14:33:52Z
126,42.46831404,-72.21282204,268.495483,2017-09-21T15:16:02Z,,,SEED FRAAME H03,,,,"Flag, Blue",user,,,,,,,,,,,SymbolAndName,,,2017-09-21T15:16:02Z
127,42.46821597,-72.21308104,266.456726,2017-09-21T15:21:17Z,,,SEED FRAAME H04,,,,"Flag, Blue",user,,,,,,,,,,,SymbolAndName,,,2017-09-21T15:21:17Z
128,42.46620004,-72.21232901,237.545715,2017-10-05T12:26:33Z,,,SEED FRAAME H05,,,,"Flag, Blue",user,,,,,,,,,,,SymbolAndName,,,2017-10-05T12:26:33Z
129,42.46856902,-72.21250101,262.486206,2017-08-29T15:25:55Z,,,SEED HAMVIR H01,,,,"Flag, Blue",user,,,,,,,,,,,SymbolAndName,,,2017-08-29T15:25:55Z
130,42.46857304,-72.21254602,261.170654,2017-08-29T16:25:43Z,,,SEED HAMVIR H04,,,,"Flag, Blue",user,,,,,,,,,,,SymbolAndName,,,2017-08-29T16:25:43Z
131,42.46733897,-72.21248701,262.816742,2017-09-21T14:17:34Z,,,SEED HAMVIR H07,,,,"Flag, Blue",user,,,,,,,,,,,SymbolAndName,,,2017-09-21T14:17:34Z
132,42.46772303,-72.212701,267.727814,2017-09-21T14:34:26Z,,,SEED HAMVIR H08,,,,"Flag, Blue",user,,,,,,,,,,,SymbolAndName,,,2017-09-21T14:34:26Z
133,42.46654403,-72.21329796,241.139359,2017-10-10T16:31:22Z,,,SEED HAMVIR H081,SEED HAMVIR H08,SEED HAMVIR H08,,"Flag, Blue",user,,,,,,,,,,,SymbolAndName,,,2017-10-10T16:31:22Z
134,42.46659399,-72.21321498,242.004349,2017-10-10T16:32:48Z,,,SEED HAMVIR H09,SEED HAMVIR H09,SEED HAMVIR H09,,"Flag, Blue",user,,,,,,,,,,,SymbolAndName,,,2017-10-10T16:32:48Z
135,42.46662299,-72.21311901,242.838425,2017-10-10T16:34:14Z,,,SEED HAMVIR H10,SEED HAMVIR H10,SEED HAMVIR H10,,"Flag, Blue",user,,,,,,,,,,,SymbolAndName,,,2017-10-10T16:34:14Z
136,42.46671704,-72.21319998,243.907043,2017-10-10T16:35:52Z,,,SEED HAMVIR H11,SEED HAMVIR H11,SEED HAMVIR H11,,"Flag, Blue",user,,,,,,,,,,,SymbolAndName,,,2017-10-10T16:35:52Z
137,42.46644496,-72.213405,244.574905,2017-10-10T16:42:39Z,,,SEED HAMVIR H12,SEED HAMVIR H12,SEED HAMVIR H12,,"Flag, Blue",user,,,,,,,,,,,SymbolAndName,,,2017-10-10T16:42:39Z
138,42.46624103,-72.21332797,245.629761,2017-10-10T16:49:04Z,,,SEED HAMVIR H13,SEED HAMVIR H13,SEED HAMVIR H13,,"Flag, Blue",user,,,,,,,,,,,SymbolAndName,,,2017-10-10T16:49:04Z
139,42.46601396,-72.21401202,248.291534,2017-10-10T19:02:10Z,,,SEED HAMVIR H14,,,,"Flag, Blue",user,,,,,,,,,,,SymbolAndName,,,2017-10-10T19:02:10Z
140,42.46672299,-72.21347004,246.864502,2017-10-10T19:37:05Z,,,SEED HAMVIR H15,,,,"Flag, Blue",user,,,,,,,,,,,SymbolAndName,,,2017-10-10T19:37:05Z
141,42.46673799,-72.21348303,246.544815,2017-10-10T19:38:06Z,,,SEED HAMVIR H16,,,,"Flag, Blue",user,,,,,,,,,,,SymbolAndName,,,2017-10-10T19:38:06Z
142,42.466768,-72.21349603,246.485229,2017-10-10T19:38:50Z,,,SEED HAMVIR H17,,,,"Flag, Blue",user,,,,,,,,,,,SymbolAndName,,,2017-10-10T19:38:50Z
143,42.46662903,-72.213362,247.738113,2017-10-10T19:46:28Z,,,SEED HAMVIR H171,,,,"Flag, Blue",user,,,,,,,,,,,SymbolAndName,,,2017-10-10T19:46:28Z
144,42.466668,-72.21344003,248.051819,2017-10-10T19:47:31Z,,,SEED HAMVIR H18,,,,"Flag, Blue",user,,,,,,,,,,,SymbolAndName,,,2017-10-10T19:47:31Z
145,42.466639,-72.213406,248.53064,2017-10-10T19:48:40Z,,,SEED HAMVIR H19,,,,"Flag, Blue",user,,,,,,,,,,,SymbolAndName,,,2017-10-10T19:48:40Z
146,42.46674797,-72.21368101,249.506088,2017-10-10T19:49:38Z,,,SEED HAMVIR H20,,,,"Flag, Blue",user,,,,,,,,,,,SymbolAndName,,,2017-10-10T19:49:38Z
147,42.467372,-72.21266404,251.672623,2017-10-15T14:38:06Z,,,SEED HAMVIR H21,,,,"Flag, Blue",user,,,,,,,,,,,SymbolAndName,,,2017-10-15T14:38:06Z
148,42.46731601,-72.21318698,255.562958,2017-10-15T14:50:25Z,,,SEED HAMVIR H22,,,,"Flag, Blue",user,,,,,,,,,,,SymbolAndName,,,2017-10-15T14:50:25Z
149,42.46739597,-72.21337399,257.03833,2017-10-15T14:54:42Z,,,SEED HAMVIR H23,,,,"Flag, Blue",user,,,,,,,,,,,SymbolAndName,,,2017-10-15T14:54:42Z
150,42.46747501,-72.21315103,257.41861,2017-10-15T14:55:53Z,,,SEED HAMVIR H24,,,,"Flag, Blue",user,,,,,,,,,,,SymbolAndName,,,2017-10-15T14:55:53Z
151,42.46694896,-72.21247603,256.438751,2017-09-21T13:53:09Z,,,SEED ILEVER H04,,,,"Flag, Blue",user,,,,,,,,,,,SymbolAndName,,,2017-09-21T13:53:09Z
152,42.46697503,-72.21247997,258.375122,2017-09-21T14:08:41Z,,,SEED ILEVER H05,,,,"Flag, Blue",user,,,,,,,,,,,SymbolAndName,,,2017-09-21T14:08:41Z
153,42.46829099,-72.21296797,266.602448,2017-09-21T15:25:29Z,,,SEED ILEVER H06,,,,"Flag, Blue",user,,,,,,,,,,,SymbolAndName,,,2017-09-21T15:25:29Z
154,42.46852702,-72.21305799,267.204956,2017-09-21T15:27:08Z,,,SEED ILEVER H07,,,,"Flag, Blue",user,,,,,,,,,,,SymbolAndName,,,2017-09-21T15:27:08Z
155,42.46651302,-72.21279798,254.454819,2017-10-05T16:49:45Z,,,SEED ILEVER H08,,,,"Flag, Blue",user,,,,,,,,,,,SymbolAndName,,,2017-10-05T16:49:45Z
156,42.46673296,-72.21295296,254.759033,2017-10-05T18:05:08Z,,,SEED ILEVER H09,,,,"Flag, Blue",user,,,,,,,,,,,SymbolAndName,,,2017-10-05T18:05:08Z
157,42.46535297,-72.21308003,242.294434,2017-10-10T17:02:57Z,,,SEED ILEVER H10,SEED ILEVER H10,SEED ILEVER H10,,"Flag, Blue",user,,,,,,,,,,,SymbolAndName,,,2017-10-10T17:02:57Z
158,42.46564901,-72.21315002,246.151871,2017-10-10T17:43:37Z,,,SEED ILEVER H11,SEED ILEVER H11,SEED ILEVER H11,,"Flag, Blue",user,,,,,,,,,,,SymbolAndName,,,2017-10-10T17:43:37Z
159,42.46569201,-72.21328396,247.806854,2017-10-10T17:44:42Z,,,SEED ILEVER H12,SEED ILEVER H12,SEED ILEVER H12,,"Flag, Blue",user,,,,,,,,,,,SymbolAndName,,,2017-10-10T17:44:42Z
160,42.46608697,-72.21374203,252.308975,2017-10-10T18:50:17Z,,,SEED ILEVER H13,,,,"Flag, Blue",user,,,,,,,,,,,SymbolAndName,,,2017-10-10T18:50:17Z
161,42.46612301,-72.21382602,250.617157,2017-10-10T18:53:57Z,,,SEED ILEVER H14,,,,"Flag, Blue",user,,,,,,,,,,,SymbolAndName,,,2017-10-10T18:53:57Z
162,42.46628302,-72.21373298,248.278183,2017-10-10T19:10:49Z,,,SEED ILEVER H15,,,,"Flag, Blue",user,,,,,,,,,,,SymbolAndName,,,2017-10-10T19:10:49Z
163,42.46654403,-72.21393197,245.910416,2017-10-10T19:32:13Z,,,SEED ILEVER H16,,,,"Flag, Blue",user,,,,,,,,,,,SymbolAndName,,,2017-10-10T19:32:13Z
164,42.46713202,-72.21183901,252.163239,2017-10-15T14:25:02Z,,,SEED ILEVER H17,,,,"Flag, Blue",user,,,,,,,,,,,SymbolAndName,,,2017-10-15T14:25:02Z
165,42.46735901,-72.21309897,250.968353,2017-10-15T14:43:16Z,,,SEED ILEVER H18,,,,"Flag, Blue",user,,,,,,,,,,,SymbolAndName,,,2017-10-15T14:43:16Z
166,42.467343,-72.21299001,253.759384,2017-10-15T14:47:30Z,,,SEED ILEVER H19,,,,"Flag, Blue",user,,,,,,,,,,,SymbolAndName,,,2017-10-15T14:47:30Z
167,42.46721199,-72.21463999,250.44783,2017-10-15T15:13:42Z,,,SEED ILEVER H20,,,,"Flag, Blue",user,,,,,,,,,,,SymbolAndName,,,2017-10-15T15:13:42Z
168,42.46710998,-72.21475599,250.651871,2017-10-15T15:21:19Z,,,SEED ILEVER H21,,,,"Flag, Blue",user,,,,,,,,,,,SymbolAndName,,,2017-10-15T15:21:19Z
169,42.46708601,-72.21509697,250.510315,2017-10-15T15:34:24Z,,,SEED ILEVER H22,,,,"Flag, Blue",user,,,,,,,,,,,SymbolAndName,,,2017-10-15T15:34:24Z
170,42.46704703,-72.21525497,249.69249,2017-10-15T15:35:05Z,,,SEED ILEVER H23,,,,"Flag, Blue",user,,,,,,,,,,,SymbolAndName,,,2017-10-15T15:35:05Z
171,42.46683497,-72.21499898,250.375931,2017-10-15T15:39:01Z,,,SEED ILEVER H24,,,,"Flag, Blue",user,,,,,,,,,,,SymbolAndName,,,2017-10-15T15:39:01Z
172,42.49806896,-72.20684197,246.725372,2017-08-03T16:36:11Z,,,SEED POPGRA H01,,,,"Flag, Blue",user,,,,,,,,,,,SymbolAndName,,,2017-08-03T16:36:11Z
173,42.49805102,-72.20689704,246.672943,2017-08-03T16:37:01Z,,,SEED POPGRA H02,,,,"Flag, Blue",user,,,,,,,,,,,SymbolAndName,,,2017-08-03T16:37:01Z
174,42.49802797,-72.20735896,244.323593,2017-08-03T16:10:22Z,,,SEED PRUPEN H,,,,"Flag, Blue",user,,,,,,,,,,,SymbolAndName,,,2017-08-03T16:10:22Z
175,42.46851797,-72.21262196,263.135071,2017-08-29T15:27:53Z,,,SEED PRUPEN H01,,,,"Flag, Blue",user,,,,,,,,,,,SymbolAndName,,,2017-08-29T15:27:53Z
176,42.46879801,-72.21245801,262.972382,2017-08-29T15:38:30Z,,,SEED PRUPEN H02,,,,"Flag, Blue",user,,,,,,,,,,,SymbolAndName,,,2017-08-29T15:38:30Z
177,42.46913396,-72.21252398,265.998596,2017-08-29T16:01:32Z,,,SEED PRUPEN H03,,,,"Flag, Blue",user,,,,,,,,,,,SymbolAndName,,,2017-08-29T16:01:32Z
178,42.46905098,-72.21240696,265.450165,2017-08-29T16:06:49Z,,,SEED PRUPEN H04,,,,"Flag, Blue",user,,,,,,,,,,,SymbolAndName,,,2017-08-29T16:06:49Z
179,42.469084,-72.21235299,265.321655,2017-08-29T16:06:04Z,,,SEED PRUPEN H05,,,,"Flag, Blue",user,,,,,,,,,,,SymbolAndName,,,2017-08-29T16:06:04Z
180,42.46865502,-72.21245097,261.052734,2017-08-29T16:21:27Z,,,SEED PRUPEN H06,,,,"Flag, Blue",user,,,,,,,,,,,SymbolAndName,,,2017-08-29T16:21:27Z
181,42.46654898,-72.21231099,253.223724,2017-09-21T13:06:40Z,,,SEED PRUPEN H061,,,,"Flag, Blue",user,,,,,,,,,,,SymbolAndName,,,2017-09-21T13:06:40Z
182,42.46799503,-72.212672,269.016785,2017-09-21T14:50:35Z,,,SEED PRUPEN H07,,,,"Flag, Blue",user,,,,,,,,,,,SymbolAndName,,,2017-09-21T14:50:35Z
183,42.468379,-72.21295103,264.609314,2017-09-21T15:33:07Z,,,SEED PRUPEN H08,,,,"Flag, Blue",user,,,,,,,,,,,SymbolAndName,,,2017-09-21T15:33:07Z
184,42.46845804,-72.21303896,264.473999,2017-09-21T15:33:33Z,,,SEED PRUPEN H09,,,,"Flag, Blue",user,,,,,,,,,,,SymbolAndName,,,2017-09-21T15:33:33Z
185,42.49920102,-72.21357197,246.127731,2017-08-03T15:37:33Z,,,SEED QUERUB H 01,,,,"Flag, Blue",user,,,,,,,,,,,SymbolAndName,,,2017-08-03T15:37:33Z
186,42.49920697,-72.21369401,245.715485,2017-08-03T15:42:10Z,,,SEED QUERUB H02,,,,"Flag, Blue",user,,,,,,,,,,,SymbolAndName,,,2017-08-03T15:42:10Z
187,42.49923002,-72.213665,244.68631,2017-08-03T15:45:00Z,,,SEED QUERUB H03,,,,"Flag, Blue",user,,,,,,,,,,,SymbolAndName,,,2017-08-03T15:45:00Z
188,42.49806401,-72.20751302,242.850906,2017-08-03T16:15:55Z,,,SEED QUERUB H031,,,,"Flag, Blue",user,,,,,,,,,,,SymbolAndName,,,2017-08-03T16:15:55Z
189,42.49808203,-72.207466,242.820419,2017-08-03T16:18:06Z,,,SEED QUERUB H04,,,,"Flag, Blue",user,,,,,,,,,,,SymbolAndName,,,2017-08-03T16:18:06Z
190,42.49810902,-72.20742602,243.010086,2017-08-03T16:19:34Z,,,SEED QUERUB H05,,,,"Flag, Blue",user,,,,,,,,,,,SymbolAndName,,,2017-08-03T16:19:34Z
191,42.49817499,-72.20743298,241.797913,2017-08-03T16:22:45Z,,,SEED QUERUB H06,,,,"Flag, Blue",user,,,,,,,,,,,SymbolAndName,,,2017-08-03T16:22:45Z
192,42.49815102,-72.20744999,240.978455,2017-08-03T16:26:34Z,,,SEED QUERUB H07,,,,"Flag, Blue",user,,,,,,,,,,,SymbolAndName,,,2017-08-03T16:26:34Z
193,42.49808103,-72.20672797,247.48056,2017-08-03T16:34:01Z,,,SEED QUERUB H08,,,,"Flag, Blue",user,,,,,,,,,,,SymbolAndName,,,2017-08-03T16:34:01Z
194,42.49907504,-72.21363802,247.053467,2017-08-03T15:39:46Z,,,SEED VIBACE H01,,,,"Flag, Blue",user,,,,,,,,,,,SymbolAndName,,,2017-08-03T15:39:46Z
195,42.46851898,-72.21270402,264.492188,2017-08-29T15:14:47Z,,,SEED VIBACE H011,,,,"Flag, Blue",user,,,,,,,,,,,SymbolAndName,,,2017-08-29T15:14:47Z
196,42.46857396,-72.21264803,264.241791,2017-08-29T15:15:18Z,,,SEED VIBACE H02,,,,"Flag, Blue",user,,,,,,,,,,,SymbolAndName,,,2017-08-29T15:15:18Z
197,42.46836701,-72.21285397,268.039246,2017-09-21T15:17:46Z,,,SEED VIBACE H05,,,,"Flag, Blue",user,,,,,,,,,,,SymbolAndName,,,2017-09-21T15:17:46Z
198,42.468595,-72.21297601,264.06012,2017-09-21T15:44:39Z,,,SEED VIBACE H06,,,,"Flag, Blue",user,,,,,,,,,,,SymbolAndName,,,2017-09-21T15:44:39Z
199,42.46654797,-72.21292698,251.79071,2017-10-05T17:18:55Z,,,SEED VIBACE H07,,,,"Flag, Blue",user,,,,,,,,,,,SymbolAndName,,,2017-10-05T17:18:55Z
200,42.46662701,-72.21285699,251.460785,2017-10-05T17:20:09Z,,,SEED VIBACE H08,,,,"Flag, Blue",user,,,,,,,,,,,SymbolAndName,,,2017-10-05T17:20:09Z
201,42.46674604,-72.21277602,251.864395,2017-10-05T17:26:37Z,,,SEED VIBACE H09,,,,"Flag, Blue",user,,,,,,,,,,,SymbolAndName,,,2017-10-05T17:26:37Z
202,42.46691301,-72.21299797,251.608826,2017-10-05T17:28:25Z,,,SEED VIBACE H10,,,,"Flag, Blue",user,,,,,,,,,,,SymbolAndName,,,2017-10-05T17:28:25Z
203,42.46687696,-72.21284299,253.518845,2017-10-05T17:35:35Z,,,SEED VIBACE H11,,,,"Flag, Blue",user,,,,,,,,,,,SymbolAndName,,,2017-10-05T17:35:35Z
204,42.46640498,-72.21332897,243.774185,2017-10-10T16:45:56Z,,,SEED VIBACE H12,SEED VIBACE H12,SEED VIBACE H12,,"Flag, Blue",user,,,,,,,,,,,SymbolAndName,,,2017-10-10T16:45:56Z
205,42.46630004,-72.21328396,244.167755,2017-10-10T16:47:16Z,,,SEED VIBACE H13,SEED VIBACE H13,SEED VIBACE H13,,"Flag, Blue",user,,,,,,,,,,,SymbolAndName,,,2017-10-10T16:47:16Z
206,42.46557198,-72.21304097,250.832397,2017-10-10T17:46:58Z,,,SEED VIBACE H14,SEED VIBACE H14,SEED VIBACE H14,,"Flag, Blue",user,,,,,,,,,,,SymbolAndName,,,2017-10-10T17:46:58Z
207,42.46599301,-72.21313803,255.217728,2017-10-10T18:09:14Z,,,SEED VIBACE H15,SEED VIBACE H15,SEED VIBACE H15,,"Flag, Blue",user,,,,,,,,,,,SymbolAndName,,,2017-10-10T18:09:14Z
208,42.46627003,-72.21368797,256.789398,2017-10-10T18:23:37Z,,,SEED VIBACE H151,SEED VIBACE H15,SEED VIBACE H15,,"Flag, Blue",user,,,,,,,,,,,SymbolAndName,,,2017-10-10T18:23:37Z
209,42.46600298,-72.21315798,255.680984,2017-10-10T18:11:36Z,,,SEED VIBACE H16,,,,"Flag, Blue",user,,,,,,,,,,,SymbolAndName,,,2017-10-10T18:11:36Z
210,42.46624103,-72.21362804,256.306396,2017-10-10T18:25:07Z,,,SEED VIBACE H161,SEED VIBACE H16,SEED VIBACE H16,,"Flag, Blue",user,,,,,,,,,,,SymbolAndName,,,2017-10-10T18:25:07Z
211,42.466178,-72.21368898,256.08139,2017-10-10T18:25:33Z,,,SEED VIBACE H17,SEED VIBACE H17,SEED VIBACE H17,,"Flag, Blue",user,,,,,,,,,,,SymbolAndName,,,2017-10-10T18:25:33Z
212,42.46621798,-72.21377397,255.099731,2017-10-10T18:26:10Z,,,SEED VIBACE H18,SEED VIBACE H18,SEED VIBACE H18,,"Flag, Blue",user,,,,,,,,,,,SymbolAndName,,,2017-10-10T18:26:10Z
213,42.46619702,-72.21355302,253.785797,2017-10-10T18:29:02Z,,,SEED VIBACE H19,SEED VIBACE H19,SEED VIBACE H19,,"Flag, Blue",user,,,,,,,,,,,SymbolAndName,,,2017-10-10T18:29:02Z
214,42.46618797,-72.21351396,253.851242,2017-10-10T18:29:29Z,,,SEED VIBACE H20,SEED VIBACE H20,SEED VIBACE H20,,"Flag, Blue",user,,,,,,,,,,,SymbolAndName,,,2017-10-10T18:29:29Z
215,42.46630901,-72.21381697,255.226654,2017-10-10T18:43:02Z,,,SEED VIBACE H21,,,,"Flag, Blue",user,,,,,,,,,,,SymbolAndName,,,2017-10-10T18:43:02Z
216,42.466164,-72.21378503,252.542282,2017-10-10T18:49:28Z,,,SEED VIBACE H22,,,,"Flag, Blue",user,,,,,,,,,,,SymbolAndName,,,2017-10-10T18:49:28Z
217,42.46604296,-72.21384396,251.148285,2017-10-10T18:59:34Z,,,SEED VIBACE H23,,,,"Flag, Blue",user,,,,,,,,,,,SymbolAndName,,,2017-10-10T18:59:34Z
218,42.46603902,-72.21393398,248.589218,2017-10-10T19:04:56Z,,,SEED VIBACE H24,,,,"Flag, Blue",user,,,,,,,,,,,SymbolAndName,,,2017-10-10T19:04:56Z
219,42.46727603,-72.21235198,243.151581,2017-08-29T14:10:07Z,,,TREE ACEPEN H01,,,,"Flag, Blue",user,,,,,,,,,,,SymbolAndName,,,2017-08-29T14:10:07Z
220,42.46731299,-72.21236397,248.663055,2017-08-29T14:17:58Z,,,TREE ACEPEN H02,,,,"Flag, Blue",user,,,,,,,,,,,SymbolAndName,,,2017-08-29T14:17:58Z
221,42.46771197,-72.21231099,262.323944,2017-08-29T16:40:33Z,,,TREE ACEPEN H03,,,,"Flag, Blue",user,,,,,,,,,,,SymbolAndName,,,2017-08-29T16:40:33Z
222,42.46739203,-72.21238098,261.445557,2017-08-29T16:48:33Z,,,TREE ACEPEN H04,,,,"Flag, Blue",user,,,,,,,,,,,SymbolAndName,,,2017-08-29T16:48:33Z
223,42.46738197,-72.21244602,261.07077,2017-08-29T16:49:14Z,,,TREE ACEPEN H05,,,,"Flag, Blue",user,,,,,,,,,,,SymbolAndName,,,2017-08-29T16:49:14Z
224,42.46773301,-72.21230999,264.737793,2017-09-21T14:22:30Z,,,TREE ACEPEN H09,,,,"Flag, Blue",user,,,,,,,,,,,SymbolAndName,,,2017-09-21T14:22:30Z
225,42.46707704,-72.21260704,255.510468,2017-09-21T13:49:40Z,,,TREE ACEPEN H10,,,,"Flag, Blue",user,,,,,,,,,,,SymbolAndName,,,2017-09-21T13:49:40Z
226,42.46696497,-72.21260796,255.937607,2017-10-05T17:42:37Z,,,TREE ACEPEN H11,,,,"Flag, Blue",user,,,,,,,,,,,SymbolAndName,,,2017-10-05T17:42:37Z
227,42.46697,-72.21293603,254.790344,2017-10-05T17:46:13Z,,,TREE ACEPEN H12,,,,"Flag, Blue",user,,,,,,,,,,,SymbolAndName,,,2017-10-05T17:46:13Z
228,42.46689599,-72.21302597,254.22377,2017-10-05T17:51:03Z,,,TREE ACEPEN H13,,,,"Flag, Blue",user,,,,,,,,,,,SymbolAndName,,,2017-10-05T17:51:03Z
229,42.46624002,-72.21391303,251.731003,2017-10-10T18:48:21Z,,,TREE ACEPEN H16,,,,"Flag, Blue",user,,,,,,,,,,,SymbolAndName,,,2017-10-10T18:48:21Z
230,42.46802604,-72.21278801,250.50116,2017-08-29T14:28:15Z,,,TREE ACESAC H01,,,,"Flag, Blue",user,,,,,,,,,,,SymbolAndName,,,2017-08-29T14:28:15Z
231,42.46692399,-72.21246799,259.263214,2017-08-29T16:57:29Z,,,TREE ACESAC H02,,,,"Flag, Blue",user,,,,,,,,,,,SymbolAndName,,,2017-08-29T16:57:29Z
232,42.46685199,-72.21240797,258.597992,2017-08-29T17:00:38Z,,,TREE ACESAC H03,,,,"Flag, Blue",user,,,,,,,,,,,SymbolAndName,,,2017-08-29T17:00:38Z
233,42.46654697,-72.21227797,254.945068,2017-08-29T17:05:29Z,,,TREE ACESAC H04,,,,"Flag, Blue",user,,,,,,,,,,,SymbolAndName,,,2017-08-29T17:05:29Z
234,42.46654303,-72.21268399,178.327499,2017-09-21T13:00:20Z,,,TREE ACESAC H08,,,,"Flag, Blue",user,,,,,,,,,,,SymbolAndName,,,2017-09-21T13:00:20Z
235,42.46654898,-72.21232298,253.04689,2017-09-21T13:08:10Z,,,TREE ACESAC H09,,,,"Flag, Blue",user,,,,,,,,,,,SymbolAndName,,,2017-09-21T13:08:10Z
236,42.466539,-72.21237201,252.927628,2017-09-21T13:19:28Z,,,TREE ACESAC H10,,,,"Flag, Blue",user,,,,,,,,,,,SymbolAndName,,,2017-09-21T13:19:28Z
237,42.46707796,-72.21264803,254.538467,2017-09-21T13:34:40Z,,,TREE ACESAC H11,,,,"Flag, Blue",user,,,,,,,,,,,SymbolAndName,,,2017-09-21T13:34:40Z
238,42.46806703,-72.21269497,267.68161,2017-09-21T14:48:18Z,,,TREE ACESAC H12,,,,"Flag, Blue",user,,,,,,,,,,,SymbolAndName,,,2017-09-21T14:48:18Z
239,42.46615503,-72.21252498,252.698196,2017-10-05T12:55:26Z,,,TREE ACESAC H13,,,,"Flag, Blue",user,,,,,,,,,,,SymbolAndName,,,2017-10-05T12:55:26Z
240,42.46593802,-72.21247301,251.785065,2017-10-05T13:03:31Z,,,TREE ACESAC H14,,,,"Flag, Blue",user,,,,,,,,,,,SymbolAndName,,,2017-10-05T13:03:31Z
241,42.46596904,-72.21251903,251.42691,2017-10-05T13:07:46Z,,,TREE ACESAC H15,,,,"Flag, Blue",user,,,,,,,,,,,SymbolAndName,,,2017-10-05T13:07:46Z
242,42.46601799,-72.21249799,251.511139,2017-10-05T13:08:14Z,,,TREE ACESAC H16,,,,"Flag, Blue",user,,,,,,,,,,,SymbolAndName,,,2017-10-05T13:08:14Z
243,42.46721601,-72.21253001,234.567276,2017-08-29T13:57:50Z,,,TREE BETLEN H01,,,,"Flag, Blue",user,,,,,,,,,,,SymbolAndName,,,2017-08-29T13:57:50Z
244,42.46699104,-72.21229197,237.615845,2017-08-29T14:03:32Z,,,TREE BETLEN H02,,,,"Flag, Blue",user,,,,,,,,,,,SymbolAndName,,,2017-08-29T14:03:32Z
245,42.46798497,-72.21265499,250.964874,2017-08-29T14:23:28Z,,,TREE BETLEN H03,,,,"Flag, Blue",user,,,,,,,,,,,SymbolAndName,,,2017-08-29T14:23:28Z
246,42.46834304,-72.21254501,256.239197,2017-08-29T14:45:35Z,,,TREE BETLEN H04,,,,"Flag, Blue",user,,,,,,,,,,,SymbolAndName,,,2017-08-29T14:45:35Z
247,42.46848897,-72.21254803,256.490967,2017-08-29T14:48:52Z,,,TREE BETLEN H05,,,,"Flag, Blue",user,,,,,,,,,,,SymbolAndName,,,2017-08-29T14:48:52Z
248,42.468796,-72.212542,263.284607,2017-08-29T15:35:25Z,,,TREE BETLEN H06,,,,"Flag, Blue",user,,,,,,,,,,,SymbolAndName,,,2017-08-29T15:35:25Z
249,42.46733696,-72.21253504,259.802795,2017-08-29T16:55:35Z,,,TREE BETLEN H07,,,,"Flag, Blue",user,,,,,,,,,,,SymbolAndName,,,2017-08-29T16:55:35Z
250,42.46710302,-72.21230102,255.913925,2017-09-21T13:28:01Z,,,TREE BETLEN H11,,,,"Flag, Blue",user,,,,,,,,,,,SymbolAndName,,,2017-09-21T13:28:01Z
251,42.46796502,-72.21286696,268.004852,2017-09-21T14:53:45Z,,,TREE BETLEN H12,,,,"Flag, Blue",user,,,,,,,,,,,SymbolAndName,,,2017-09-21T14:53:45Z
252,42.468264,-72.21282799,267.972443,2017-09-21T14:57:39Z,,,TREE BETLEN H13,,,,"Flag, Blue",user,,,,,,,,,,,SymbolAndName,,,2017-09-21T14:57:39Z
253,42.46837498,-72.21303804,268.582367,2017-09-21T15:04:44Z,,,TREE BETLEN H15,,,,"Flag, Blue",user,,,,,,,,,,,SymbolAndName,,,2017-09-21T15:04:44Z
254,42.46838202,-72.21306503,268.311249,2017-09-21T15:13:58Z,,,TREE BETLEN H16,,,,"Flag, Blue",user,,,,,,,,,,,SymbolAndName,,,2017-09-21T15:13:58Z
255,42.46836601,-72.21319101,266.410797,2017-09-21T15:29:10Z,,,TREE CORCOR H01,,,,"Flag, Blue",user,,,,,,,,,,,SymbolAndName,,,2017-09-21T15:29:10Z
256,42.46693597,-72.21285598,256.012482,2017-09-21T13:46:24Z,,,TREE CORCOR H02,,,,"Flag, Blue",user,,,,,,,,,,,SymbolAndName,,,2017-09-21T13:46:24Z
257,42.46689398,-72.21275599,255.977539,2017-09-21T14:01:37Z,,,TREE CORCOR H03,,,,"Flag, Blue",user,,,,,,,,,,,SymbolAndName,,,2017-09-21T14:01:37Z
258,42.46642199,-72.213132,251.339737,2017-10-05T17:01:06Z,,,TREE CORCOR H04,,,,"Flag, Blue",user,,,,,,,,,,,SymbolAndName,,,2017-10-05T17:01:06Z
259,42.46655904,-72.21319998,251.960876,2017-10-05T17:13:28Z,,,TREE CORCOR H05,,,,"Flag, Blue",user,,,,,,,,,,,SymbolAndName,,,2017-10-05T17:13:28Z
260,42.46696204,-72.21262498,255.653534,2017-10-05T17:44:18Z,,,TREE CORCOR H06,,,,"Flag, Blue",user,,,,,,,,,,,SymbolAndName,,,2017-10-05T17:44:18Z
261,42.46679901,-72.21304298,254.127182,2017-10-05T18:01:24Z,,,TREE CORCOR H07,,,,"Flag, Blue",user,,,,,,,,,,,SymbolAndName,,,2017-10-05T18:01:24Z
262,42.46570501,-72.21325697,243.745544,2017-10-10T17:08:35Z,,,TREE CORCOR H09,TREE CORCOR H09,TREE CORCOR H09,,"Flag, Blue",user,,,,,,,,,,,SymbolAndName,,,2017-10-10T17:08:35Z
263,42.46557098,-72.21309797,245.53981,2017-10-10T17:16:37Z,,,TREE CORCOR H10,TREE CORCOR H10,TREE CORCOR H10,,"Flag, Blue",user,,,,,,,,,,,SymbolAndName,,,2017-10-10T17:16:37Z
264,42.46555899,-72.21315798,245.485825,2017-10-10T17:19:46Z,,,TREE CORCOR H11,TREE CORCOR H11,TREE CORCOR H11,,"Flag, Blue",user,,,,,,,,,,,SymbolAndName,,,2017-10-10T17:19:46Z
265,42.46550803,-72.21307701,245.585815,2017-10-10T17:20:30Z,,,TREE CORCOR H12,TREE CORCOR H12,TREE CORCOR H12,,"Flag, Blue",user,,,,,,,,,,,SymbolAndName,,,2017-10-10T17:20:30Z
266,42.46566201,-72.21319403,245.928101,2017-10-10T17:32:24Z,,,TREE CORCOR H13,TREE CORCOR H13,TREE CORCOR H13,,"Flag, Blue",user,,,,,,,,,,,SymbolAndName,,,2017-10-10T17:32:24Z
267,42.46571003,-72.21339997,245.103455,2017-10-10T17:35:19Z,,,TREE CORCOR H14,TREE CORCOR H14,TREE CORCOR H14,,"Flag, Blue",user,,,,,,,,,,,SymbolAndName,,,2017-10-10T17:35:19Z
268,42.46571003,-72.21326804,244.718323,2017-10-10T17:36:48Z,,,TREE CORCOR H15,TREE CORCOR H15,TREE CORCOR H15,,"Flag, Blue",user,,,,,,,,,,,SymbolAndName,,,2017-10-10T17:36:48Z
269,42.46571104,-72.21319302,253.510132,2017-10-10T17:50:49Z,,,TREE CORCOR H16,TREE CORCOR H16,TREE CORCOR H16,,"Flag, Blue",user,,,,,,,,,,,SymbolAndName,,,2017-10-10T17:50:49Z
270,42.46619199,-72.21200304,246.577438,2017-10-05T16:02:56Z,,,TREE COROVA H01,,,,"Flag, Blue",user,,,,,,,,,,,SymbolAndName,,,2017-10-05T16:02:56Z
271,42.466208,-72.21207001,246.913986,2017-10-05T16:06:38Z,,,TREE COROVA H02,,,,"Flag, Blue",user,,,,,,,,,,,SymbolAndName,,,2017-10-05T16:06:38Z
272,42.46615201,-72.21200396,249.274185,2017-10-05T16:25:47Z,,,TREE COROVA H03,,,,"Flag, Blue",user,,,,,,,,,,,SymbolAndName,,,2017-10-05T16:25:47Z
273,42.46655501,-72.21286696,254.019211,2017-10-05T16:51:48Z,,,TREE COROVA H04,,,,"Flag, Blue",user,,,,,,,,,,,SymbolAndName,,,2017-10-05T16:51:48Z
274,42.46548599,-72.21319797,241.243942,2017-10-10T16:55:04Z,,,TREE COROVA H05,TREE COROVA H05,TREE COROVA H05,,"Flag, Blue",user,,,,,,,,,,,SymbolAndName,,,2017-10-10T16:55:04Z
275,42.46551801,-72.21305396,243.045395,2017-10-10T17:04:02Z,,,TREE COROVA H06,TREE CAROVA H06,TREE CAROVA H06,,"Flag, Blue",user,,,,,,,,,,,SymbolAndName,,,2017-10-10T17:04:02Z
276,42.46563099,-72.21313703,243.19899,2017-10-10T17:05:43Z,,,TREE COROVA H07,TREE CAROVA H07,TREE CAROVA H07,,"Flag, Blue",user,,,,,,,,,,,SymbolAndName,,,2017-10-10T17:05:43Z
277,42.46564097,-72.21316301,243.429337,2017-10-10T17:06:56Z,,,TREE COROVA H08,TREE CAROVA H08,TREE CAROVA H08,,"Flag, Blue",user,,,,,,,,,,,SymbolAndName,,,2017-10-10T17:06:56Z
278,42.46546897,-72.213075,244.720032,2017-10-10T17:21:07Z,,,TREE COROVA H09,TREE CAROVA H09,TREE CAROVA H09,,"Flag, Blue",user,,,,,,,,,,,SymbolAndName,,,2017-10-10T17:21:07Z
279,42.46579997,-72.21325496,246.153564,2017-10-10T17:33:37Z,,,TREE COROVA H10,TREE CAROVA H10,TREE CAROVA H10,,"Flag, Blue",user,,,,,,,,,,,SymbolAndName,,,2017-10-10T17:33:37Z
280,42.46574499,-72.21320199,257.336731,2017-10-10T18:00:00Z,,,TREE COROVA H11,TREE CAROVA H11,TREE CAROVA H11,,"Flag, Blue",user,,,,,,,,,,,SymbolAndName,,,2017-10-10T18:00:00Z
281,42.46658603,-72.21338597,247.507904,2017-10-10T19:41:12Z,,,TREE COROVA H12,,,,"Flag, Blue",user,,,,,,,,,,,SymbolAndName,,,2017-10-10T19:41:12Z
282,42.46706799,-72.212284,247.009964,2017-10-15T14:19:01Z,,,TREE COROVA H13,,,,"Flag, Blue",user,,,,,,,,,,,SymbolAndName,,,2017-10-15T14:19:01Z
283,42.467128,-72.21184596,252.45372,2017-10-15T14:26:02Z,,,TREE COROVA H14,,,,"Flag, Blue",user,,,,,,,,,,,SymbolAndName,,,2017-10-15T14:26:02Z
284,42.467143,-72.21181001,252.546906,2017-10-15T14:26:36Z,,,TREE COROVA H15,,,,"Flag, Blue",user,,,,,,,,,,,SymbolAndName,,,2017-10-15T14:26:36Z
285,42.46743,-72.21319201,251.898788,2017-10-15T14:44:50Z,,,TREE COROVA H16,,,,"Flag, Blue",user,,,,,,,,,,,SymbolAndName,,,2017-10-15T14:44:50Z
286,42.46820097,-72.21265901,253.372406,2017-08-29T14:35:51Z,,,TREE FAGGRA H01,,,,"Flag, Blue",user,,,,,,,,,,,SymbolAndName,,,2017-08-29T14:35:51Z
287,42.46814196,-72.21251501,254.595963,2017-08-29T14:42:36Z,,,TREE FAGGRA H02,,,,"Flag, Blue",user,,,,,,,,,,,SymbolAndName,,,2017-08-29T14:42:36Z
288,42.46895098,-72.21245198,264.150665,2017-08-29T15:57:14Z,,,TREE FAGGRA H03,,,,"Flag, Blue",user,,,,,,,,,,,SymbolAndName,,,2017-08-29T15:57:14Z
289,42.46918702,-72.21259204,266.824127,2017-08-29T16:10:04Z,,,TREE FAGGRA H04,,,,"Flag, Blue",user,,,,,,,,,,,SymbolAndName,,,2017-08-29T16:10:04Z
290,42.46710001,-72.21242197,256.048676,2017-09-21T13:31:32Z,,,TREE FAGGRA H08,,,,"Flag, Blue",user,,,,,,,,,,,SymbolAndName,,,2017-09-21T13:31:32Z
291,42.46876901,-72.21301197,262.750824,2017-09-21T15:40:35Z,,,TREE FAGGRA H09,,,,"Flag, Blue",user,,,,,,,,,,,SymbolAndName,,,2017-09-21T15:40:35Z
292,42.46854899,-72.21288096,264.093597,2017-09-21T15:44:11Z,,,TREE FAGGRA H10,,,,"Flag, Blue",user,,,,,,,,,,,SymbolAndName,,,2017-09-21T15:44:11Z
293,42.47499199,-72.21408997,258.539215,2017-09-22T20:52:30Z,,,TREE FAGGRA H11,,,,"Flag, Blue",user,,,,,,,,,,,SymbolAndName,,,2017-09-22T20:52:30Z
294,42.466135,-72.21263001,248.012878,2017-10-05T12:46:37Z,,,TREE FAGGRA H12,,,,"Flag, Blue",user,,,,,,,,,,,SymbolAndName,,,2017-10-05T12:46:37Z
295,42.46674797,-72.21288004,257.423309,2017-10-05T18:14:38Z,,,TREE FAGGRA H13,,,,"Flag, Blue",user,,,,,,,,,,,SymbolAndName,,,2017-10-05T18:14:38Z
296,42.46558799,-72.21339201,244.769638,2017-10-10T17:29:58Z,,,TREE FAGGRA H14,TREE FAGGRA H14,TREE FAGGRA H14,,"Flag, Blue",user,,,,,,,,,,,SymbolAndName,,,2017-10-10T17:29:58Z
297,42.46576502,-72.21334197,256.583618,2017-10-10T17:54:30Z,,,TREE FAGGRA H15,TREE FAGGRA H15,TREE FAGGRA H15,,"Flag, Blue",user,,,,,,,,,,,SymbolAndName,,,2017-10-10T17:54:30Z
298,42.465833,-72.21323602,257.07901,2017-10-10T17:55:52Z,,,TREE FAGGRA H16,TREE FAGGRA H16,TREE FAGGRA H16,,"Flag, Blue",user,,,,,,,,,,,SymbolAndName,,,2017-10-10T17:55:52Z
299,42.46770803,-72.21231703,265.732361,2017-09-21T14:28:24Z,,,TREE FRAAME H01,,,,"Flag, Blue",user,,,,,,,,,,,SymbolAndName,,,2017-09-21T14:28:24Z
300,42.46774097,-72.212398,265.898895,2017-09-21T14:28:58Z,,,TREE FRAAME H02,,,,"Flag, Blue",user,,,,,,,,,,,SymbolAndName,,,2017-09-21T14:28:58Z
301,42.46804104,-72.21272397,253.383804,2017-08-29T14:39:32Z,,,TREE HAMVIR H01,,,,"Flag, Blue",user,,,,,,,,,,,SymbolAndName,,,2017-08-29T14:39:32Z
302,42.46865401,-72.212471,264.120483,2017-08-29T15:10:00Z,,,TREE HAMVIR H02,,,,"Flag, Blue",user,,,,,,,,,,,SymbolAndName,,,2017-08-29T15:10:00Z
303,42.46868502,-72.21252498,263.467041,2017-08-29T15:31:32Z,,,TREE HAMVIR H03,,,,"Flag, Blue",user,,,,,,,,,,,SymbolAndName,,,2017-08-29T15:31:32Z
304,42.468422,-72.21257703,260.973938,2017-08-29T16:18:35Z,,,TREE HAMVIR H04,,,,"Flag, Blue",user,,,,,,,,,,,SymbolAndName,,,2017-08-29T16:18:35Z
305,42.46814397,-72.21249699,260.314178,2017-08-29T16:29:52Z,,,TREE HAMVIR H05,,,,"Flag, Blue",user,,,,,,,,,,,SymbolAndName,,,2017-08-29T16:29:52Z
306,42.46823299,-72.21254803,261.098969,2017-08-29T16:32:49Z,,,TREE HAMVIR H06,,,,"Flag, Blue",user,,,,,,,,,,,SymbolAndName,,,2017-08-29T16:32:49Z
307,42.46764198,-72.21226598,262.233276,2017-08-29T16:40:00Z,,,TREE HAMVIR H07,,,,"Flag, Blue",user,,,,,,,,,,,SymbolAndName,,,2017-08-29T16:40:00Z
308,42.46773602,-72.21239104,264.457855,2017-09-21T14:20:31Z,,,TREE HAMVIR H10,,,,"Flag, Blue",user,,,,,,,,,,,SymbolAndName,,,2017-09-21T14:20:31Z
309,42.467747,-72.21233798,264.604553,2017-09-21T14:21:56Z,,,TREE HAMVIR H11,,,,"Flag, Blue",user,,,,,,,,,,,SymbolAndName,,,2017-09-21T14:21:56Z
310,42.46779403,-72.21231099,265.076477,2017-09-21T14:24:41Z,,,TREE HAMVIR H12,,,,"Flag, Blue",user,,,,,,,,,,,SymbolAndName,,,2017-09-21T14:24:41Z
311,42.46810902,-72.21255097,266.78598,2017-09-21T14:44:10Z,,,TREE HAMVIR H14,,,,"Flag, Blue",user,,,,,,,,,,,SymbolAndName,,,2017-09-21T14:44:10Z
312,42.46827699,-72.21303502,268.240204,2017-09-21T15:00:26Z,,,TREE HAMVIR H15,,,,"Flag, Blue",user,,,,,,,,,,,SymbolAndName,,,2017-09-21T15:00:26Z
313,42.468623,-72.212874,264.652252,2017-09-21T15:48:44Z,,,TREE HAMVIR H151,,,,"Flag, Blue",user,,,,,,,,,,,SymbolAndName,,,2017-09-21T15:48:44Z
314,42.46844497,-72.21244401,264.81778,2017-09-21T15:52:52Z,,,TREE HAMVIR H16,,,,"Flag, Blue",user,,,,,,,,,,,SymbolAndName,,,2017-09-21T15:52:52Z
315,42.46687101,-72.21269304,254.180801,2017-09-21T13:39:41Z,,,TREE ILEMUC H02,,,,"Flag, Blue",user,,,,,,,,,,,SymbolAndName,,,2017-09-21T13:39:41Z
316,42.46702298,-72.212528,256.460175,2017-09-21T14:03:26Z,,,TREE ILEVER H03,,,,"Flag, Blue",user,,,,,,,,,,,SymbolAndName,,,2017-09-21T14:03:26Z
317,42.46664696,-72.21318698,252.006577,2017-10-05T17:11:51Z,,,TREE ILEVER H04,,,,"Flag, Blue",user,,,,,,,,,,,SymbolAndName,,,2017-10-05T17:11:51Z
318,42.46681603,-72.21309302,254.416946,2017-10-05T17:59:30Z,,,TREE ILEVER H05,,,,"Flag, Blue",user,,,,,,,,,,,SymbolAndName,,,2017-10-05T17:59:30Z
319,42.46674797,-72.21287602,258.100372,2017-10-05T18:11:49Z,,,TREE ILEVER H06,,,,"Flag, Blue",user,,,,,,,,,,,SymbolAndName,,,2017-10-05T18:11:49Z
320,42.465416,-72.21322001,241.662277,2017-10-10T16:57:16Z,,,TREE ILEVER H07,TREE ILEVER H07,TREE ILEVER H07,,"Flag, Blue",user,,,,,,,,,,,SymbolAndName,,,2017-10-10T16:57:16Z
321,42.46539898,-72.21308003,242.319275,2017-10-10T17:01:22Z,,,TREE ILEVER H08,TREE ILEVER H08,TREE ILEVER H08,,"Flag, Blue",user,,,,,,,,,,,SymbolAndName,,,2017-10-10T17:01:22Z
322,42.46569796,-72.21309001,243.748856,2017-10-10T17:39:02Z,,,TREE ILEVER H09,TREE ILEVER H09,TREE ILEVER H09,,"Flag, Blue",user,,,,,,,,,,,SymbolAndName,,,2017-10-10T17:39:02Z
323,42.46556603,-72.21309696,243.39827,2017-10-10T17:40:18Z,,,TREE ILEVER H10,TREE ILEVER H10,TREE ILEVER H10,,"Flag, Blue",user,,,,,,,,,,,SymbolAndName,,,2017-10-10T17:40:18Z
324,42.46563703,-72.213117,244.89563,2017-10-10T17:42:07Z,,,TREE ILEVER H11,TREE ILEVER H11,TREE ILEVER H11,,"Flag, Blue",user,,,,,,,,,,,SymbolAndName,,,2017-10-10T17:42:07Z
325,42.465978,-72.21310501,255.149612,2017-10-10T18:02:06Z,,,TREE ILEVER H12,TREE ILEVER H12,TREE ILEVER H12,,"Flag, Blue",user,,,,,,,,,,,SymbolAndName,,,2017-10-10T18:02:06Z
326,42.46578304,-72.21315798,255.266769,2017-10-10T18:03:26Z,,,TREE ILEVER H13,TREE ILEVER H13,TREE ILEVER H13,,"Flag, Blue",user,,,,,,,,,,,SymbolAndName,,,2017-10-10T18:03:26Z
327,42.46614397,-72.21384102,251.471695,2017-10-10T18:55:45Z,,,TREE ILEVER H14,,,,"Flag, Blue",user,,,,,,,,,,,SymbolAndName,,,2017-10-10T18:55:45Z
328,42.46641504,-72.21386097,246.050201,2017-10-10T19:26:36Z,,,TREE ILEVER H15,,,,"Flag, Blue",user,,,,,,,,,,,SymbolAndName,,,2017-10-10T19:26:36Z
329,42.46733101,-72.21313099,253.139999,2017-10-15T14:46:13Z,,,TREE ILEVER H16,,,,"Flag, Blue",user,,,,,,,,,,,SymbolAndName,,,2017-10-15T14:46:13Z
330,42.46838403,-72.21289404,268.90387,2017-09-21T15:09:09Z,,,TREE VIBACE H04,,,,"Flag, Blue",user,,,,,,,,,,,SymbolAndName,,,2017-09-21T15:09:09Z
331,42.468522,-72.21302798,267.565552,2017-09-21T15:19:44Z,,,TREE VIBACE H05,,,,"Flag, Blue",user,,,,,,,,,,,SymbolAndName,,,2017-09-21T15:19:44Z
332,42.46697403,-72.21279203,253.377594,2017-10-05T17:34:57Z,,,TREE VIBACE H06,,,,"Flag, Blue",user,,,,,,,,,,,SymbolAndName,,,2017-10-05T17:34:57Z
333,42.46667102,-72.21295003,255.414551,2017-10-05T18:06:40Z,,,TREE VIBACE H07,,,,"Flag, Blue",user,,,,,,,,,,,SymbolAndName,,,2017-10-05T18:06:40Z
334,42.46665602,-72.21287199,256.120178,2017-10-05T18:08:37Z,,,TREE VIBACE H08,,,,"Flag, Blue",user,,,,,,,,,,,SymbolAndName,,,2017-10-05T18:08:37Z
335,42.46672299,-72.21300996,251.551422,2017-10-05T17:18:10Z,,,TREE VIBACE H09,,,,"Flag, Blue",user,,,,,,,,,,,SymbolAndName,,,2017-10-05T17:18:10Z
336,42.46678703,-72.21286403,251.464142,2017-10-05T17:24:12Z,,,TREE VIBACE H10,,,,"Flag, Blue",user,,,,,,,,,,,SymbolAndName,,,2017-10-05T17:24:12Z
337,42.46567399,-72.21303703,249.968719,2017-10-10T17:46:04Z,,,TREE VIBACE H11,TREE VIBACE H11,TREE VIBACE H11,,"Flag, Blue",user,,,,,,,,,,,SymbolAndName,,,2017-10-10T17:46:04Z
338,42.46619401,-72.21364103,253.878098,2017-10-10T18:28:02Z,,,TREE VIBACE H12,TREE VIBACE H12,TREE VIBACE H12,,"Flag, Blue",user,,,,,,,,,,,SymbolAndName,,,2017-10-10T18:28:02Z
339,42.46619803,-72.21352704,254.577881,2017-10-10T18:30:30Z,,,TREE VIBACE H13,TREE VIBACE H13,TREE VIBACE H13,,"Flag, Blue",user,,,,,,,,,,,SymbolAndName,,,2017-10-10T18:30:30Z
340,42.46620901,-72.21362502,254.681702,2017-10-10T18:31:22Z,,,TREE VIBACE H14,TREE VIBACE H14,TREE VIBACE H14,,"Flag, Blue",user,,,,,,,,,,,SymbolAndName,,,2017-10-10T18:31:22Z
341,42.466193,-72.21355403,255.34108,2017-10-10T18:32:13Z,,,TREE VIBACE H15,TREE VIBACE H15,TREE VIBACE H15,,"Flag, Blue",user,,,,,,,,,,,SymbolAndName,,,2017-10-10T18:32:13Z
342,42.46616702,-72.21379903,253.444519,2017-10-10T18:46:06Z,,,TREE VIBACE H16,,,,"Flag, Blue",user,,,,,,,,,,,SymbolAndName,,,2017-10-10T18:46:06Z